{"all": [{"allF": 40.31081852254415, "allR": 67.5982791298412, "allP": 31.147963994132837}], "el": [{"elF": 56.307728882971716, "elR": 89.25811588781706, "elP": 43.53580014939097}], "en": [{"enF": 55.803877952809714, "enR": 88.10273063726966, "enP": 43.66745323686123}], "pl": [{"plF": 51.504008892777016, "plR": 85.37400859635008, "plP": 39.77190835537519}], "ru": [{"ruF": 38.386215110962425, "ruR": 82.01996025833675, "ruP": 27.551088762750542}], "zh": [{"zhF": 5.092478033744586, "zhR": 7.469319131496059, "zhP": 4.681682777521496}]}